Date,Open,High,Low,Close,Volume
1/3/2006,22.83,22.879999,21.9,22.620001,7335400
1/4/2006,22.65,22.719999,22.24,22.6,4954700
1/5/2006,22.51,22.620001,22.389999,22.48,7763300
1/6/2006,22.790001,22.790001,22.129999,22.58,6127700
1/9/2006,22.190001,22.6,22.190001,22.58,4596800
1/10/2006,22.360001,23.059999,22.33,23.02,3912100
1/11/2006,23.15,23.219999,22.84,23.01,3077500
1/12/2006,23.09,23.09,22.5,22.59,4694400
1/13/2006,22.76,22.82,22.4,22.440001,2388900
1/17/2006,22.4,22.440001,22.1,22.200001,3454700
1/18/2006,22.17,22.49,21.93,22.24,3289100
1/19/2006,22.07,22.709999,22.07,22.540001,4618600
1/20/2006,22.559999,22.629999,21.9,22.01,4919300
1/23/2006,21.950001,22.700001,21.950001,22.52,5081200
1/24/2006,22.610001,23.1,22.35,23.049999,6153200
1/25/2006,23.110001,23.219999,22.66,22.799999,4465900
1/26/2006,23.16,23.459999,22.83,23.4,5053900
1/27/2006,23.43,24,23.26,23.639999,6314000
1/30/2006,23.700001,23.85,23.42,23.43,2692700
1/31/2006,23.540001,23.83,23.35,23.709999,3756000
2/1/2006,23.42,23.719999,23.34,23.49,3823700
2/2/2006,23.610001,23.610001,23.09,23.4,5589500
2/3/2006,22.93,23.4,22.860001,23.139999,3767600
2/6/2006,22.940001,23.290001,22.9,23.219999,2149700
2/7/2006,23.25,23.389999,23.049999,23.209999,2936600
2/8/2006,23.25,23.549999,23.030001,23.5,3150100
2/9/2006,23.389999,23.48,22.84,22.91,3886400
2/10/2006,23.059999,23.18,22.700001,22.98,2710500
2/13/2006,22.85,22.98,22.530001,22.68,3222500
2/14/2006,22.620001,22.799999,22.309999,22.77,4800100
2/15/2006,22.75,23.440001,22.52,23.27,3519800
2/16/2006,23.34,23.450001,22.950001,23.309999,2230400
2/17/2006,23.200001,23.360001,22.93,22.950001,2582500
2/21/2006,22.870001,23.040001,22.389999,22.49,4045200
2/22/2006,22.469999,23.059999,22.379999,22.9,3655700
2/23/2006,22.809999,23.23,22.709999,22.82,3322400
2/24/2006,22.67,22.969999,22.4,22.700001,3303100
2/27/2006,22.73,23.219999,22.629999,23.07,4298000
2/28/2006,23.389999,24.610001,23.389999,24.540001,9147800
3/1/2006,24.85,25.389999,24.01,25.09,11214600
3/2/2006,24.41,25.120001,24.049999,24.799999,4663800
3/3/2006,24.42,25.26,24.42,24.889999,4521600
3/6/2006,24.809999,25.110001,24.540001,24.75,3181000
3/7/2006,24.870001,24.879999,24.57,24.65,2398800
3/8/2006,24.629999,24.76,24.219999,24.34,3338100
3/9/2006,24.27,24.57,24.18,24.209999,2627800
3/10/2006,24.209999,24.559999,24.129999,24.370001,3618000
3/13/2006,24.459999,24.879999,24.32,24.700001,3485800
3/14/2006,24.52,25.24,24.48,25.190001,3084500
3/15/2006,25.18,25.290001,24.82,25.08,4801200
3/16/2006,25.07,25.23,24.76,24.969999,2759800
3/17/2006,25.190001,25.33,24.950001,25.040001,4586700
3/20/2006,24.889999,25.209999,24.84,25.040001,2434400
3/21/2006,24.49,25.23,24.43,24.49,4441300
3/22/2006,24.43,24.76,24.290001,24.76,3659500
3/23/2006,25,25.67,24.99,25.530001,7362200
3/24/2006,25.620001,25.620001,24.809999,25.280001,5978100
3/27/2006,25.23,25.4,25,25.309999,2599900
3/28/2006,25.370001,25.82,25.07,25.4,6307700
3/29/2006,25.110001,25.84,24.98,25.629999,4924400
3/30/2006,25.459999,26.24,25.450001,26,5870000
3/31/2006,25.85,26.15,25.440001,25.52,4497700
4/3/2006,25.6,26.25,25.51,26.110001,5664100
4/4/2006,25.959999,26.5,25.950001,26.309999,6507200
4/5/2006,26.200001,26.610001,26.08,26.49,4751600
4/6/2006,26.360001,26.549999,25.77,26.049999,4404000
4/7/2006,26.110001,26.51,25.85,25.940001,3101900
4/10/2006,26,26,25.25,25.43,4843400
4/11/2006,25.6,25.610001,25.110001,25.209999,3601700
4/12/2006,25.25,25.860001,25.02,25.719999,3154700
4/13/2006,25.610001,26.049999,25.450001,25.940001,2933200
4/17/2006,25.809999,26.1,25.709999,25.790001,4520700
4/18/2006,25.709999,26.780001,25.709999,26.639999,5433500
4/19/2006,26.6,26.700001,26.17,26.27,2751500
4/20/2006,26.49,26.790001,26.16,26.25,3951600
4/21/2006,26.25,26.43,25.41,25.57,5352200
4/24/2006,25.6,25.76,25.35,25.59,2391300
4/25/2006,25.77,26,25.34,25.379999,3074200
4/26/2006,25.42,25.969999,25.370001,25.860001,4317100
4/27/2006,25.84,26.549999,25.57,26.15,5004800
4/28/2006,26.25,26.48,25.98,26.41,3122200
5/1/2006,26.389999,26.5,25.49,25.6,3668000
5/2/2006,25.75,26.129999,25.59,26.110001,2370400
5/3/2006,26.1,26.469999,25.98,26.450001,3354500
5/4/2006,26.41,26.85,26.360001,26.6,3340200
5/5/2006,26.84,26.99,26.52,26.549999,3880000
5/8/2006,26.530001,26.67,26.129999,26.24,3996400
5/9/2006,26.219999,26.559999,26.17,26.549999,3561500
5/10/2006,26.43,26.83,26.43,26.639999,3508400
5/11/2006,27,27.709999,26.41,26.98,7622000
5/12/2006,26.34,27,26.299999,26.610001,6022300
5/15/2006,26.6,26.9,26.370001,26.42,7040300
5/16/2006,25.700001,25.700001,24.389999,24.82,15932900
5/17/2006,24.620001,24.940001,24.389999,24.51,4519600
5/18/2006,24.41,24.809999,24.35,24.41,6272300
5/19/2006,24.15,24.65,24.049999,24.52,8488000
5/22/2006,24.08,24.49,23.969999,24.139999,4827800
5/23/2006,23.99,24.42,23.940001,23.950001,3877800
5/24/2006,23.83,24.190001,23.559999,23.85,4017100
5/25/2006,23.82,24.120001,23.559999,23.809999,4007000
5/26/2006,23.799999,23.99,23.690001,23.950001,2108000
5/30/2006,23.940001,23.950001,23.43,23.43,4006000
5/31/2006,23.58,23.940001,23.42,23.469999,6813500
6/1/2006,23.48,24.370001,23.469999,24.1,6602200
6/2/2006,24.16,24.370001,23.66,24.1,4624800
6/5/2006,24.01,24.25,23.690001,23.690001,5765100
6/6/2006,23.780001,23.950001,23.6,23.700001,4059800
6/7/2006,23.799999,23.889999,23.57,23.639999,5387300
6/8/2006,23.469999,23.84,23.309999,23.74,5742900
6/9/2006,23.65,23.82,23.42,23.42,5117000
6/12/2006,23.42,23.6,23.16,23.25,4905100
6/13/2006,23.389999,23.66,23.120001,23.23,5881800
6/14/2006,23.17,23.65,23.08,23.629999,6406600
6/15/2006,24.200001,24.889999,24.09,24.870001,7957600
6/16/2006,24.83,25.139999,24.719999,24.74,8202000
6/19/2006,24.85,24.879999,24.4,24.440001,4012800
6/20/2006,24.440001,24.75,24.35,24.4,4106700
6/21/2006,24.33,24.950001,24.33,24.709999,4143000
6/22/2006,24.52,24.629999,24.25,24.450001,2536400
6/23/2006,24.209999,24.799999,24.209999,24.43,2478900
6/26/2006,24.43,24.74,24.209999,24.219999,3576200
6/27/2006,24.219999,24.5,24.139999,24.200001,3694600
6/28/2006,24.16,24.49,24.1,24.18,3605600
6/29/2006,24.43,24.85,24.309999,24.780001,4061800
6/30/2006,24.91,25,24.32,24.35,4893600
7/3/2006,24.52,24.66,24.379999,24.5,1761800
7/5/2006,24.530001,24.530001,23.82,23.98,3645700
7/6/2006,23.969999,24.25,23.860001,23.959999,2552700
7/7/2006,23.99,24.42,23.690001,23.799999,4396500
7/10/2006,23.93,24.469999,23.92,24.23,4689500
7/11/2006,24.209999,24.360001,23.879999,24,4719200
7/12/2006,24.200001,24.23,23.450001,23.48,3575900
7/13/2006,23.48,23.799999,23.01,23.07,3833700
7/14/2006,23.02,23.15,22.450001,22.75,3294700
7/17/2006,22.780001,22.950001,22.51,22.610001,3561900
7/18/2006,22.57,22.68,21.92,22.219999,5080600
7/19/2006,22.41,22.860001,22.200001,22.709999,3773700
7/20/2006,22.52,22.74,21.98,22.030001,3600500
7/21/2006,21.889999,22.209999,21.75,21.940001,4461000
7/24/2006,21.959999,22.709999,21.91,22.66,3689300
7/25/2006,22.620001,22.99,22.459999,22.969999,3058200
7/26/2006,22.76,22.91,22.469999,22.709999,3504500
7/27/2006,22.9,22.9,22.040001,22.1,3056200
7/28/2006,22.219999,22.48,21.57,21.74,8051500
7/31/2006,21.65,22,21.379999,21.620001,5483600
8/1/2006,21.5,21.530001,21.08,21.25,5717700
8/2/2006,21.23,21.780001,21.200001,21.5,4792500
8/3/2006,21.43,22.139999,21.370001,22.01,6964000
8/4/2006,22.219999,23.360001,22.120001,22.9,9493100
8/7/2006,23,23.049999,22.6,23.040001,4573300
8/8/2006,23.5,23.549999,22.459999,22.57,7085000
8/9/2006,22.799999,23.219999,22.459999,22.549999,5766600
8/10/2006,22.5,23.360001,22.5,23.299999,5273300
8/11/2006,23.280001,23.65,23.25,23.52,5033700
8/14/2006,23.75,24.09,23.440001,23.530001,4937800
8/15/2006,24.33,24.469999,23.18,23.65,7400100
8/16/2006,23.66,23.93,23.25,23.93,5353400
8/17/2006,23.99,24.07,23.77,24.040001,3801900
8/18/2006,24.139999,24.16,23.65,23.73,3633800
8/21/2006,23.549999,23.799999,23.440001,23.709999,3464600
8/22/2006,23.65,23.84,23.33,23.450001,4755200
8/23/2006,23.360001,23.65,23.030001,23.07,3634100
8/24/2006,23.290001,23.42,22.76,22.860001,3647300
8/25/2006,22.74,23,22.59,22.790001,3509000
8/28/2006,22.860001,23.26,22.790001,23.030001,3175100
8/29/2006,23.09,23.1,22.389999,22.639999,5323100
8/30/2006,22.74,22.84,22.48,22.66,3802300
8/31/2006,22.57,22.75,22.49,22.559999,3552800
9/1/2006,22.629999,22.799999,22.58,22.67,2385500
9/5/2006,22.58,23.02,22.48,22.9,4196500
9/6/2006,22.889999,23.35,22.610001,23,6137700
9/7/2006,23.030001,23.43,22.950001,23.24,4453800
9/8/2006,23.299999,23.5,22.950001,23.389999,4139100
9/11/2006,23.26,23.959999,23.23,23.790001,3893500
9/12/2006,23.75,24.59,23.709999,24.57,6012100
9/13/2006,24.440001,25.17,24.200001,25.01,9373000
9/14/2006,25.1,25.1,24.459999,24.73,5313100
9/15/2006,24.25,25.040001,24.219999,24.98,7805900
9/18/2006,24.93,25.01,24.440001,24.540001,5235400
9/19/2006,24.75,24.75,24.059999,24.450001,5822000
9/20/2006,24.57,25.26,24.469999,24.959999,7326800
9/21/2006,24.99,25.08,24.41,24.59,5115200
9/22/2006,24.639999,24.700001,24.219999,24.440001,3641100
9/25/2006,24.51,25.52,24.35,25.469999,5143800
9/26/2006,25.35,25.469999,24.799999,25.190001,6667900
9/27/2006,25.18,25.360001,24.610001,24.709999,5855200
9/28/2006,24.620001,24.940001,24.24,24.76,5577400
9/29/2006,24.790001,24.950001,24.299999,24.33,3800000
10/2/2006,24.389999,24.65,24.16,24.27,5877000
10/3/2006,24.66,25.77,24.459999,25.58,11452000
10/4/2006,25.59,26.030001,25.4,25.99,5919100
10/5/2006,25.9,26.389999,25.6,26.33,5745800
10/6/2006,26.33,26.389999,25.57,25.700001,3879000
10/9/2006,25.75,26.190001,25.49,26.129999,4348600
10/10/2006,26.450001,26.5,25.82,26.25,4841400
10/11/2006,26.280001,26.74,26.15,26.610001,4853700
10/12/2006,26.77,27.040001,26.57,26.99,4764400
10/13/2006,26.879999,27,26.49,26.879999,3719200
10/16/2006,26.780001,26.889999,26.49,26.879999,4545000
10/17/2006,26.65,26.85,26.16,26.469999,4067700
10/18/2006,26.469999,26.9,26.07,26.370001,7458200
10/19/2006,26.26,26.459999,25.790001,25.9,4741300
10/20/2006,25.84,26,25.469999,25.709999,6760300
10/23/2006,25.68,26.33,25.620001,26.290001,6020500
10/24/2006,26.360001,26.48,25.700001,25.860001,4431900
10/25/2006,25.959999,26.08,25.67,25.969999,5069100
10/26/2006,25.98,26.049999,25.42,26.040001,4801800
10/27/2006,25.99,26.25,25.700001,25.77,2929200
10/30/2006,25.940001,26.26,25.719999,26.09,2228500
10/31/2006,26.209999,26.219999,25.5,25.790001,4082500
11/1/2006,25.879999,25.99,25.139999,25.16,4918400
11/2/2006,25.299999,25.780001,25.190001,25.620001,3670800
11/3/2006,25.530001,25.700001,25.24,25.360001,2780900
11/6/2006,25.559999,26.040001,25.540001,25.91,4511300
11/7/2006,25.870001,26.23,25.780001,26.040001,3609400
11/8/2006,25.85,26.290001,25.790001,26.15,3132400
11/9/2006,26.129999,26.35,25.700001,25.77,3293400
11/10/2006,25.860001,25.950001,25.32,25.65,5007000
11/13/2006,26.34,26.370001,25.91,26.059999,5881400
11/14/2006,25.450001,25.92,25.120001,25.83,6870800
11/15/2006,25.799999,26.25,25.799999,26.059999,5341200
11/16/2006,26.15,26.82,26.02,26.809999,5535100
11/17/2006,26.690001,26.82,26.49,26.65,4747800
11/20/2006,26.459999,26.549999,26.1,26.200001,3888000
11/21/2006,26.209999,26.209999,25.85,26.07,4251900
11/22/2006,25.950001,26.059999,25.559999,25.9,4016300
11/24/2006,25.5,25.860001,25.5,25.620001,1114100
11/27/2006,25.52,25.82,25.309999,25.370001,4421100
11/28/2006,25.379999,25.700001,25.209999,25.65,4065600
11/29/2006,25.65,25.870001,25.52,25.75,5179700
11/30/2006,25.639999,25.75,25.139999,25.469999,5807300
12/1/2006,25.370001,25.49,24.940001,25.34,4840200
12/4/2006,25.5,26.09,25.27,25.93,3348800
12/5/2006,26.08,26.25,25.780001,26.17,3143900
12/6/2006,26.07,26.360001,25.98,26.219999,2438100
12/7/2006,26.43,26.450001,25.969999,26.030001,2075800
12/8/2006,26.040001,26.43,25.82,26.07,2554600
12/11/2006,25.77,26.09,25.67,25.940001,2394500
12/12/2006,26.07,26.139999,25.549999,25.91,3816100
12/13/2006,26.17,26.75,25.93,26.639999,5409900
12/14/2006,26.75,27.67,26.65,27.540001,6848600
12/15/2006,27.75,27.950001,27.4,27.41,7728600
12/18/2006,27.43,28,27.08,27.15,5139400
12/19/2006,27,27.129999,26.610001,27,5199500
12/20/2006,26.709999,27.17,26.639999,26.969999,3198700
12/21/2006,27.01,27.280001,26.809999,26.85,2579700
12/22/2006,26.799999,26.969999,26.450001,26.65,3522000
12/26/2006,26.610001,27.02,26.59,26.870001,2300300
12/27/2006,27.26,27.43,26.870001,27.08,3048800
12/28/2006,26.950001,27.200001,26.91,26.969999,1915200
12/29/2006,26.969999,27.120001,26.620001,26.700001,1770600
1/3/2007,26.51,27.25,26.049999,26.4,5852000
1/4/2007,26.33,26.469999,25.879999,26.24,6052700
1/5/2007,26.27,26.5,25.77,26.02,5102900
1/8/2007,25.9,25.99,25.559999,25.74,6326000
1/9/2007,25.93,26.5,25.82,26.4,6607600
1/10/2007,26.08,26.43,25.99,26.43,4756800
1/11/2007,26.52,26.790001,26.34,26.6,5138600
1/12/2007,26.52,26.709999,26.33,26.68,5648200
1/16/2007,26.629999,27.059999,26.549999,27.02,4086200
1/17/2007,26.889999,27.02,26.67,26.950001,4343600
1/18/2007,27.26,27.620001,27.139999,27.219999,6322800
1/19/2007,27.33,27.33,26.860001,27.02,4898400
1/22/2007,26.969999,27,26.309999,26.469999,5296300
1/23/2007,26.459999,26.65,26.360001,26.5,4659900
1/24/2007,26.620001,26.75,26.32,26.540001,5432300
1/25/2007,26.389999,26.43,25.780001,25.959999,6392000
1/26/2007,25.959999,25.969999,25.5,25.66,6892000
1/29/2007,25.57,25.780001,25.290001,25.51,7210600
1/30/2007,25.700001,25.700001,25.32,25.49,5087400
1/31/2007,25.59,25.809999,25.5,25.719999,6221500
2/1/2007,25.67,26.190001,25.6,25.959999,6645800
2/2/2007,26.07,26.559999,25.9,26.450001,6787800
2/5/2007,26.48,26.700001,26.09,26.26,5243500
2/6/2007,26.27,26.370001,25.93,26.309999,6122700
2/7/2007,26.18,26.719999,26.18,26.450001,4384000
2/8/2007,26.469999,26.690001,26.290001,26.59,3471200
2/9/2007,26.75,26.969999,26.5,26.700001,5761800
2/12/2007,26.74,26.82,26.42,26.629999,5577800
2/13/2007,26.67,27.040001,26.610001,26.9,5154800
2/14/2007,26.92,27.280001,26.700001,27.25,5080700
2/15/2007,27.280001,27.32,26.950001,27.26,2355000
2/16/2007,27.190001,27.4,26.700001,26.85,5966700
2/20/2007,26.76,27.559999,26.75,27.549999,4139300
2/21/2007,27.370001,27.48,27.120001,27.370001,5756000
2/22/2007,27.32,27.6,27.129999,27.5,4052900
2/23/2007,27.540001,27.66,27.129999,27.190001,3485700
2/26/2007,27.209999,27.440001,26.35,27.129999,4314700
2/27/2007,26.91,26.92,25.879999,25.99,5384100
2/28/2007,25.940001,26.4,25.9,26.02,6535500
3/1/2007,25.280001,25.75,24.74,25.35,9250900
3/2/2007,25.030001,25.709999,24.9,25.450001,6710300
3/5/2007,25.440001,25.629999,25.01,25.030001,5670500
3/6/2007,25.23,25.26,24.879999,25.17,9558900
3/7/2007,24.93,25.969999,24.84,25.889999,9816500
3/8/2007,26.190001,26.299999,26.02,26.120001,7621100
3/9/2007,26.299999,26.360001,25.85,26.030001,7310600
3/12/2007,25.92,26.129999,25.780001,25.92,5200000
3/13/2007,25.68,25.83,25.459999,25.52,9254600
3/14/2007,25.219999,25.51,25,25.450001,6904600
3/15/2007,25.49,25.68,25.41,25.610001,4972100
3/16/2007,25.5,25.74,25.24,25.49,6406600
3/19/2007,25.59,25.950001,25.59,25.93,4552500
3/20/2007,25.969999,26.200001,25.790001,26.120001,4691800
3/21/2007,26.01,26.879999,25.799999,26.85,7930600
3/22/2007,26.99,27,26.370001,26.48,6089900
3/23/2007,26.559999,26.6,26.299999,26.450001,4638100
3/26/2007,26.280001,26.42,25.93,26.41,9958100
3/27/2007,26.32,26.4,26.15,26.190001,4143800
3/28/2007,25.99,26.16,25.74,25.82,5591000
3/29/2007,26.07,26.1,25.67,25.99,7158800
3/30/2007,26,26.129999,25.549999,25.84,3753100
4/2/2007,25.809999,25.99,25.530001,25.74,6146800
4/3/2007,25.99,26.389999,25.790001,26.309999,4717000
4/4/2007,26.27,26.27,25.83,26.07,4817500
4/5/2007,25.940001,26.4,25.91,26.370001,5106400
4/9/2007,26.379999,26.629999,26.25,26.549999,4858300
4/10/2007,26.59,26.99,26.540001,26.959999,8150300
4/11/2007,26.91,26.93,26.52,26.700001,6167100
4/12/2007,26.639999,26.940001,26,26.92,5550300
4/13/2007,26.870001,26.870001,26.51,26.65,7283500
4/16/2007,26.799999,27,26.629999,26.75,4451100
4/17/2007,26.709999,26.709999,26.049999,26.299999,7437500
4/18/2007,26.129999,26.83,26.07,26.5,3422500
4/19/2007,26.459999,26.48,26.030001,26.18,8318500
4/20/2007,26.48,26.49,26.110001,26.370001,7037500
4/23/2007,26.299999,26.48,26.059999,26.120001,5247600
4/24/2007,26.110001,26.5,25.85,26.110001,7838600
4/25/2007,26.110001,26.190001,25.969999,26.040001,7127000
4/26/2007,25.75,25.940001,25.299999,25.790001,11211100
4/27/2007,25.700001,25.75,25.280001,25.370001,8796800
4/30/2007,25.440001,25.58,24.690001,24.799999,8946500
5/1/2007,24.860001,25.049999,24.57,24.85,7355800
5/2/2007,24.85,25.23,24.780001,25.059999,5504600
5/3/2007,24.889999,25.35,24.41,25.33,16001100
5/4/2007,25.48,25.5,24.940001,25.280001,8808700
5/7/2007,25.25,25.309999,24.91,25.110001,7275200
5/8/2007,25.1,25.34,24.950001,25.09,6544900
5/9/2007,25.09,25.200001,24.780001,25.059999,7196300
5/10/2007,24.860001,25.27,24.58,24.68,7550400
5/11/2007,24.68,24.93,24.59,24.77,4235700
5/14/2007,24.790001,25.129999,24.58,24.809999,5844300
5/15/2007,24.959999,25.18,24.719999,25.02,8267600
5/16/2007,25.200001,25.49,24.98,25.290001,7185900
5/17/2007,25.299999,25.299999,25.09,25.16,6837700
5/18/2007,25.23,25.709999,25.120001,25.549999,6075100
5/21/2007,25.610001,26,25.450001,25.67,6643900
5/22/2007,24.6,25.24,24.299999,25.049999,23740200
5/23/2007,25.549999,25.65,24.91,24.959999,9524900
5/24/2007,24.83,25,24.290001,24.309999,11079400
5/25/2007,24.370001,24.51,24.139999,24.4,5699600
5/29/2007,24.4,24.440001,23.860001,23.969999,14398800
5/30/2007,23.98,24.75,23.84,24.719999,12975800
5/31/2007,24.75,25.379999,24.51,25.059999,11469900
6/1/2007,25.049999,25.700001,24.879999,25.370001,10065200
6/4/2007,25.469999,25.5,24.889999,25.15,8226800
6/5/2007,25.049999,25.16,24.459999,24.73,11746300
6/6/2007,24.6,24.68,24.299999,24.450001,5309500
6/7/2007,24.299999,24.59,24,24.01,6121600
6/8/2007,23.84,24.73,23.84,24.559999,7472200
6/11/2007,24.49,24.75,24.15,24.4,8739900
6/12/2007,24.190001,24.719999,24.08,24.309999,11756400
6/13/2007,24.450001,24.700001,24.26,24.309999,13116100
6/14/2007,24.32,24.629999,24.27,24.58,6850600
6/15/2007,24.790001,25.26,24.709999,24.99,13346600
6/18/2007,24.92,25.059999,24.879999,24.99,5540900
6/19/2007,24.9,25.16,24.77,25.08,6840800
6/20/2007,25.110001,25.32,24.969999,25.040001,11296800
6/21/2007,25.01,25.1,24.540001,24.969999,8064100
6/22/2007,24.73,24.790001,24.18,24.280001,14660100
6/25/2007,24.059999,24.299999,23.700001,24.030001,12248500
6/26/2007,24.25,24.27,23.82,23.959999,12244600
6/27/2007,23.610001,24.07,23.59,23.950001,13150500
6/28/2007,23.950001,24.27,23.85,24.18,8131000
6/29/2007,23.940001,24.07,23.68,23.73,11278400
7/2/2007,23.969999,24.42,23.84,24.42,10319900
7/3/2007,24.35,24.52,24.25,24.35,4211700
7/5/2007,24.27,24.68,24.25,24.620001,7051600
7/6/2007,24.52,24.780001,24.290001,24.75,5798800
7/9/2007,24.51,24.76,24.469999,24.6,6617200
7/10/2007,24.57,24.57,23.940001,23.959999,7151000
7/11/2007,23.959999,23.99,23.76,23.92,10104600
7/12/2007,24.15,24.82,23.92,24.809999,11203400
7/13/2007,24.68,24.9,24.549999,24.83,5456700
7/16/2007,24.73,24.799999,24.360001,24.540001,6438000
7/17/2007,24.49,24.83,24.24,24.82,6626400
7/18/2007,24.74,25.040001,24.32,24.690001,7985100
7/19/2007,24.780001,25.139999,24.6,25.030001,5878800
7/20/2007,25.139999,25.190001,24.76,24.809999,7288600
7/23/2007,24.950001,24.950001,24.51,24.629999,6867400
7/24/2007,24.629999,24.91,24.24,24.34,6918600
7/25/2007,24.23,24.379999,23.74,24.09,8462300
7/26/2007,23.940001,24.190001,23.059999,23.49,14498900
7/27/2007,23.530001,23.74,23.129999,23.139999,10827900
7/30/2007,23.139999,23.42,22.809999,23.34,11598200
7/31/2007,23.59,23.6,22.98,23.02,10381000
8/1/2007,22.93,23.26,22.84,23.23,10910600
8/2/2007,23.290001,23.49,23.040001,23.41,8122700
8/3/2007,23.25,23.690001,22.879999,23.24,12057300
8/6/2007,23.43,24,23.299999,23.99,11456300
8/7/2007,23.809999,23.99,23.360001,23.6,8393400
8/8/2007,23.68,24.26,23.549999,24.129999,9020800
8/9/2007,23.66,24.280001,23.25,23.25,6400400
8/10/2007,23.07,23.52,22.690001,22.959999,6870400
8/13/2007,23.09,23.43,22.76,23.02,6115600
8/14/2007,22.9,23,22.25,22.389999,8261700
8/15/2007,22.459999,23.370001,22.370001,22.610001,7068500
8/16/2007,22.65,23.450001,22.49,23.27,9365400
8/17/2007,23.5,24.25,23.01,23.25,7544000
8/20/2007,23.209999,23.610001,23.08,23.309999,8156800
8/21/2007,22.74,23.370001,22.49,23.299999,13387600
8/22/2007,23.629999,23.82,23.1,23.52,7852300
8/23/2007,23.719999,23.719999,23.07,23.33,4208500
8/24/2007,23.32,23.5,23.190001,23.5,4274600
8/27/2007,23.309999,23.65,23.09,23.1,3807100
8/28/2007,23.01,23.209999,22.77,22.780001,4337000
8/29/2007,22.84,23.610001,22.75,23.59,4829000
8/30/2007,23.370001,23.67,23.290001,23.440001,3223800
8/31/2007,23.629999,23.91,23.17,23.75,4831500
9/4/2007,23.77,23.77,23.459999,23.709999,4292400
9/5/2007,23.530001,23.690001,23.4,23.610001,4219500
9/6/2007,23.76,23.83,22.91,23.08,7372500
9/7/2007,22.790001,22.950001,22.15,22.389999,6525500
9/10/2007,22.42,22.700001,21.85,22.440001,7972600
9/11/2007,22.52,22.6,22.17,22.52,6697600
9/12/2007,22.379999,22.48,21.98,22,9462800
9/13/2007,22.120001,22.459999,22.049999,22.09,8519200
9/14/2007,21.969999,22.450001,21.879999,22.4,4163600
9/17/2007,22.219999,22.299999,22.02,22.1,3604400
9/18/2007,22.120001,23.209999,22.08,23.209999,9065100
9/19/2007,23.24,23.700001,22.889999,23.01,8405300
9/20/2007,23,23,22.549999,22.73,5321700
9/21/2007,22.719999,22.790001,22.370001,22.469999,9016800
9/24/2007,22.5,22.610001,22.24,22.32,6784400
9/25/2007,22.16,22.290001,21.450001,21.469999,9127700
9/26/2007,21.139999,21.700001,21.040001,21.450001,18901300
9/27/2007,21.49,21.700001,21.4,21.59,6301100
9/28/2007,21.6,21.690001,21.379999,21.49,6695900
10/1/2007,21.58,21.92,21.34,21.889999,7672100
10/2/2007,21.92,22.02,21.74,21.92,5706600
10/3/2007,21.9,22.469999,21.76,22.120001,8372400
10/4/2007,22.280001,22.290001,21.610001,21.690001,6547900
10/5/2007,21.799999,22.870001,21.780001,22.59,8234000
10/8/2007,22.48,22.610001,22.32,22.530001,7142000
10/9/2007,22.59,22.700001,22.360001,22.68,7055100
10/10/2007,22.629999,22.73,22.379999,22.49,5967700
10/11/2007,22.690001,23.17,22.530001,22.68,7856900
10/12/2007,22.549999,22.549999,21.77,22.059999,9346200
10/15/2007,22,22.030001,21.790001,21.99,5654000
10/16/2007,21.889999,22.1,21.799999,22.01,5263600
10/17/2007,22.110001,22.4,22,22.209999,9433700
10/18/2007,22.16,22.25,21.799999,22.08,7094000
10/19/2007,22.049999,22.08,21.530001,21.540001,8317100
10/22/2007,21.559999,22.450001,21.48,22.280001,6921300
10/23/2007,22.01,22.17,21.610001,21.85,8870300
10/24/2007,21.700001,22.040001,21.5,21.870001,6273300
10/25/2007,22.1,22.33,21.83,22.120001,4840300
10/26/2007,22.389999,22.389999,21.860001,22.33,5161600
10/29/2007,22.450001,22.73,22,22.610001,5158300
10/30/2007,22.559999,23.139999,22.35,22.85,9877400
10/31/2007,22.799999,23.43,22.66,23.34,8291600
11/1/2007,23.209999,23.48,22.200001,22.219999,7516400
11/2/2007,22.43,22.43,21.610001,21.9,6823900
11/5/2007,21.780001,21.9,21.58,21.68,5083400
11/6/2007,21.879999,22.51,21.82,22.48,6082000
11/7/2007,22.07,22.200001,21.52,21.52,6007800
11/8/2007,21.530001,21.959999,21.040001,21.440001,9840100
11/9/2007,21,21.33,20.6,20.93,8519400
11/12/2007,20.879999,21.48,20.76,20.950001,9721700
11/13/2007,20.950001,21.74,20.76,21.719999,7895100
11/14/2007,21.530001,21.700001,21.15,21.280001,7274400
11/15/2007,21.15,21.5,20.85,20.950001,5095400
11/16/2007,20.99,21.27,20.700001,21.09,6028200
11/19/2007,21.08,21.17,20.440001,20.530001,6262800
11/20/2007,20.57,20.99,19.85,20.280001,11363000
11/21/2007,20.01,20.5,19.809999,20.08,7188600
11/23/2007,20.41,20.719999,20.15,20.559999,2325500
11/26/2007,20.440001,20.620001,19.690001,19.76,9717200
11/27/2007,21.5,22.48,21.25,21.85,23819500
11/28/2007,22.85,23.25,22.4,22.780001,15314200
11/29/2007,22.57,23.969999,22.49,23.51,15019600
11/30/2007,23.780001,24.040001,23.459999,23.700001,11001000
12/3/2007,23.48,23.83,23.41,23.65,6821400
12/4/2007,23.42,24.16,23.32,24.02,6488900
12/5/2007,24.24,24.280001,23.65,23.92,10077000
12/6/2007,23.82,24.790001,23.549999,24.780001,10842100
12/7/2007,24.35,24.790001,24.24,24.6,8011600
12/10/2007,24.5,24.620001,24.370001,24.49,6522300
12/11/2007,24.459999,24.85,23.65,23.67,10554100
12/12/2007,24.25,24.530001,23.219999,23.549999,7413900
12/13/2007,23.370001,23.610001,22.549999,22.889999,10933100
12/14/2007,22.639999,22.809999,22.32,22.639999,7034300
12/17/2007,22.6,22.879999,22.469999,22.49,5550800
12/18/2007,22.58,22.77,22.309999,22.700001,6397500
12/19/2007,22.75,22.860001,22.360001,22.58,4916500
12/20/2007,22.780001,22.84,22.35,22.719999,4155400
12/21/2007,23.09,23.49,22.879999,23.139999,10561900
12/24/2007,23.139999,23.290001,22.98,23.200001,1598600
12/26/2007,23.09,23.209999,22.860001,23.059999,2686100
12/27/2007,22.950001,23.15,22.76,22.780001,3380600
12/28/2007,23.23,23.23,22.83,23.040001,3354100
12/31/2007,22.879999,23.26,22.75,23.07,4051300
1/2/2008,23.01,23.190001,22.1,22.200001,7589900
1/3/2008,22.190001,22.290001,21.84,21.84,5139100
1/4/2008,21.57,21.719999,21.049999,21.27,6977200
1/7/2008,21.309999,21.780001,21.16,21.5,11146600
1/8/2008,21.35,22.32,21.299999,21.360001,9233000
1/9/2008,21.299999,21.469999,20.68,21.41,9162200
1/10/2008,21.190001,21.879999,21.1,21.57,6719800
1/11/2008,21.200001,21.620001,20.540001,20.709999,8378000
1/14/2008,20.98,20.98,20.52,20.67,7112400
1/15/2008,20.49,20.52,19.93,19.99,10535100
1/16/2008,20.08,21.450001,20.059999,21.15,12521600
1/17/2008,21.08,21.6,20.91,21.25,12825000
1/18/2008,21.030001,22.43,21.030001,21.530001,13906700
1/22/2008,20.76,22.450001,20.75,22.18,12265100
1/23/2008,21.73,23.690001,21.25,23.639999,16491000
1/24/2008,23.209999,23.690001,22.6,23.17,8332200
1/25/2008,23.43,23.450001,22.360001,22.549999,10217200
1/28/2008,22.629999,23.389999,22.15,23.33,7777800
1/29/2008,23.280001,23.469999,22.77,23.360001,9700500
1/30/2008,22.950001,23.629999,22.950001,23.1,8493900
1/31/2008,22.389999,24.34,22.299999,23.940001,18287100
2/1/2008,24.17,24.459999,23.42,23.93,12934200
2/4/2008,23.99,24,22.969999,23.219999,6057600
2/5/2008,22.48,23.110001,22.33,22.41,7355900
2/6/2008,22.32,23.08,22.15,22.200001,8511900
2/7/2008,22.299999,23.290001,22.110001,22.879999,12722400
2/8/2008,22.76,23.26,22.639999,23.01,7073300
2/11/2008,22.85,23.18,22.530001,23.129999,5457600
2/12/2008,23.18,23.52,22.889999,23.110001,7183500
2/13/2008,23.639999,23.700001,22.84,23.01,6777400
2/14/2008,22.93,22.959999,21.98,22.120001,10266800
2/15/2008,21.83,22.049999,21.639999,22.040001,8775600
2/19/2008,22.02,22.49,21.73,22.15,13209300
2/20/2008,21.879999,23.18,21.879999,22.93,17689000
2/21/2008,23.09,23.42,22.77,23.219999,13249900
2/22/2008,23.65,23.65,22.99,23.58,7816900
2/25/2008,23.49,23.82,23.200001,23.77,9013700
2/26/2008,23.629999,23.709999,23.190001,23.66,11861900
2/27/2008,23.540001,24.09,23.530001,23.809999,9775100
2/28/2008,23.52,23.809999,23.18,23.219999,7931000
2/29/2008,22.969999,22.969999,22.1,22.25,9074400
3/3/2008,22.07,22.540001,21.9,22.49,7984100
3/4/2008,21.559999,22.360001,21.42,22.219999,28080800
3/5/2008,22.15,22.49,21.92,22.43,11952200
3/6/2008,22.07,22.43,21.66,21.66,8058600
3/7/2008,21.690001,22.110001,21.43,21.74,8505800
3/10/2008,21.299999,21.73,20.99,21,9786900
3/11/2008,21.52,21.790001,20.950001,21.790001,11038900
3/12/2008,21.91,22.139999,21.209999,21.26,9214000
3/13/2008,21.219999,21.66,20.879999,21.58,9944700
3/14/2008,21.450001,21.690001,20.59,20.870001,13858000
3/17/2008,20.84,21.43,20.52,21.07,11530900
3/18/2008,21.700001,22.41,21.5,22.4,12902600
3/19/2008,22.9,22.9,21.83,21.84,8400600
3/20/2008,21.85,22.93,21.790001,22.870001,14573600
3/24/2008,22.879999,23.92,22.84,23.559999,10747500
3/25/2008,23.700001,23.709999,23.200001,23.440001,9067700
3/26/2008,22.950001,23.309999,22.75,23.01,6835200
3/27/2008,22.809999,23.07,22.58,22.6,7850500
3/28/2008,23.01,23.15,22.290001,22.41,7595200
3/31/2008,21.860001,22.4,21.84,22.110001,8811500
4/1/2008,22.34,23.4,22.200001,23.389999,8540600
4/2/2008,23.23,23.809999,23.040001,23.209999,6609000
4/3/2008,23.18,23.299999,22.75,22.98,5569900
4/4/2008,22.950001,23.469999,22.82,23.25,5567500
4/7/2008,23.34,23.34,22.84,22.879999,5152800
4/8/2008,23.030001,23.09,22.32,22.51,7519500
4/9/2008,22.33,22.52,21.530001,21.860001,8473200
4/10/2008,21.73,22.129999,21.709999,21.959999,10123300
4/11/2008,22.02,22.18,21.620001,21.799999,6916900
4/14/2008,21.66,22.040001,21.66,21.75,4067800
4/15/2008,21.9,22.08,21.68,22.030001,4568500
4/16/2008,22.08,22.4,21.870001,22.35,4499300
4/17/2008,22.9,22.91,22.219999,22.34,5044300
4/18/2008,23.02,23.15,22.4,22.51,6110000
4/21/2008,22,22.51,21.959999,22.110001,5549000
4/22/2008,21.85,22.1,21.26,21.440001,6771300
4/23/2008,21.58,22.08,21.469999,21.73,5309800
4/24/2008,21.76,22.4,21.540001,22.18,6507400
4/25/2008,22.15,22.459999,21.799999,22.440001,5927500
4/28/2008,22.5,22.93,22.139999,22.6,5309200
4/29/2008,22.51,22.93,22.43,22.68,4467600
4/30/2008,22.790001,22.790001,21.59,21.700001,8795700
5/1/2008,21.77,23.33,21.700001,22.9,9658000
5/2/2008,23.18,23.690001,23.110001,23.35,12469100
5/5/2008,23.190001,23.32,22.629999,22.68,7607300
5/6/2008,22.41,22.459999,21.82,22.15,12892500
5/7/2008,21.940001,22.540001,21.889999,21.93,6605100
5/8/2008,22.08,22.129999,21.370001,21.440001,10091700
5/9/2008,21.25,21.709999,21.120001,21.5,10649600
5/12/2008,21.5,21.959999,21.4,21.959999,8532300
5/13/2008,22.200001,22.49,22.08,22.440001,7174300
5/14/2008,23.17,23.780001,22.440001,23.469999,16394200
5/15/2008,23.41,24.219999,23.25,24.15,12891400
5/16/2008,23.940001,24.09,23.549999,23.83,9124000
5/19/2008,23.700001,23.860001,23.469999,23.57,10065800
5/20/2008,23.6,24.02,23.469999,23.610001,8621500
5/21/2008,23.059999,23.389999,22.76,22.950001,12080800
5/22/2008,23.08,23.379999,22.91,22.959999,7002300
5/23/2008,22.799999,22.9,22.58,22.67,4936600
5/27/2008,22.74,23.309999,22.67,23.27,5175600
5/28/2008,23.27,23.49,22.85,23.07,4798200
5/29/2008,23.24,23.68,23.01,23.49,5011300
5/30/2008,23.48,23.559999,23.219999,23.450001,4588100
6/2/2008,23.370001,23.540001,22.92,23.09,5965700
6/3/2008,23.219999,23.48,23.09,23.389999,6932800
6/4/2008,23.360001,24.16,23.290001,24.040001,8748800
6/5/2008,24.16,24.32,23.84,24.309999,7001100
6/6/2008,24.17,24.219999,23.219999,23.23,8879300
6/9/2008,23.42,23.75,22.98,23.209999,7586000
6/10/2008,23,23.43,22.74,23.15,6489300
6/11/2008,23.469999,24.51,23.41,24.379999,20779100
6/12/2008,24.23,25.1,24.17,24.950001,18370400
6/13/2008,25.1,25.49,24.969999,25.49,10100500
6/16/2008,25.18,25.85,25.139999,25.610001,8359800
6/17/2008,25.610001,25.639999,25.09,25.110001,9158000
6/18/2008,24.76,24.98,24.440001,24.799999,10039400
6/19/2008,24.639999,25.459999,24.57,25.42,8874600
6/20/2008,25.370001,25.370001,24.530001,24.610001,11125400
6/23/2008,24.82,24.950001,24,24.059999,9113500
6/24/2008,24.040001,24.309999,23.26,24.129999,11415700
6/25/2008,24.34,25.41,23.959999,24.860001,14708000
6/26/2008,24.370001,24.42,23.719999,23.719999,9052200
6/27/2008,23.75,24.42,23.690001,23.959999,13579300
6/30/2008,23.91,24.35,23.639999,23.75,10495100
7/1/2008,23.700001,24.370001,23.370001,24.299999,12308200
7/2/2008,23.9,24.24,23.09,23.120001,11065200
7/3/2008,23.23,23.610001,22.98,23.34,6302800
7/7/2008,22.709999,23.67,22.629999,23.139999,10583300
7/8/2008,22.01,22.780001,21.92,22.549999,22673500
7/9/2008,22.370001,22.629999,21.950001,22.059999,16155300
7/10/2008,22.34,22.34,21.33,21.469999,13366500
7/11/2008,21.450001,21.450001,20.57,21.01,14205700
7/14/2008,21.73,21.780001,20.700001,20.860001,9045900
7/15/2008,20.860001,21.08,20.1,20.629999,13770400
7/16/2008,20.65,21.290001,20.41,21.18,9924900
7/17/2008,20.93,22.82,20.9,22.49,15139800
7/18/2008,22.379999,23.18,22.219999,22.549999,11619600
7/21/2008,22.73,22.76,22,22.280001,9280000
7/22/2008,22.780001,23.34,22.290001,23.34,9386900
7/23/2008,23.440001,24.790001,23.32,23.75,12176800
7/24/2008,23.51,23.74,22.57,22.639999,8471900
7/25/2008,22.799999,22.889999,22.24,22.379999,6354000
7/28/2008,22.200001,22.52,21.709999,21.82,6254000
7/29/2008,21.99,22.85,21.99,22.809999,6059300
7/30/2008,22.809999,23.309999,22.459999,22.92,7959300
7/31/2008,23.049999,23.15,22.43,22.5,6020500
8/1/2008,22.66,22.85,21.940001,22.65,8449400
8/4/2008,22.799999,23.17,22.370001,22.91,5445500
8/5/2008,23.1,24.49,23.030001,24.299999,11404900
8/6/2008,24.25,24.48,23.940001,24.309999,7342400
8/7/2008,24.190001,24.190001,23.15,23.27,10363000
8/8/2008,23.379999,24.709999,23.280001,24.469999,10979300
8/11/2008,24.379999,26.57,24.110001,26.059999,21861800
8/12/2008,25.780001,25.940001,25.08,25.58,10214100
8/13/2008,25.290001,25.48,24.23,24.469999,13848700
8/14/2008,24.360001,25.040001,24.34,24.85,10892400
8/15/2008,24.98,25.469999,24.65,24.9,8188500
8/18/2008,24.74,25.440001,24.48,24.58,8068500
8/19/2008,22.35,23.66,22.049999,23.549999,28386200
8/20/2008,23.860001,24.16,23.43,23.9,12012400
8/21/2008,23.51,23.940001,23.43,23.91,8112000
8/22/2008,24.389999,24.790001,23.629999,24.719999,8639900
8/25/2008,24.83,24.83,24.1,24.120001,8612600
8/26/2008,24.18,24.18,23.639999,23.809999,10650800
8/27/2008,23.860001,24.5,23.66,24.299999,7368900
8/28/2008,24.530001,24.92,23.950001,24.74,6811300
8/29/2008,24.200001,24.66,24.110001,24.200001,5876700
9/2/2008,24.99,25.790001,24.690001,24.77,12278700
9/3/2008,24.41,25.73,24.41,25.18,12044900
9/4/2008,24.4,24.99,24.129999,24.620001,14114900
9/5/2008,24.48,24.799999,23.799999,24.68,12618700
9/8/2008,25.02,25.49,24.6,25.07,15546600
9/9/2008,25.049999,25.48,24.440001,24.440001,14935300
9/10/2008,24.709999,24.83,23.9,24.370001,11614000
9/11/2008,24.290001,24.98,23.9,24.92,12793900
9/12/2008,24.41,24.799999,24.07,24.5,10557500
9/15/2008,24.27,24.85,23.959999,24.27,12023400
9/16/2008,24.370001,25.1,24,24.700001,16221200
9/17/2008,24.370001,24.620001,23.83,23.889999,18690100
9/18/2008,24.32,24.68,23.32,24.34,21526400
9/19/2008,25.379999,26.43,22.040001,25.02,25369100
9/22/2008,24.65,24.809999,23.299999,23.35,10051800
9/23/2008,23.440001,24.450001,22.4,22.66,11352100
9/24/2008,22.67,23.200001,22.02,23.190001,12492200
9/25/2008,23.48,24.049999,23.200001,23.280001,11775200
9/26/2008,23.059999,23.360001,22.809999,23.07,8130700
9/29/2008,22.719999,23.09,21.67,21.74,12811700
9/30/2008,22.02,22.530001,21.52,22.5,12663000
10/1/2008,22.4,22.6,21.879999,22.139999,8612800
10/2/2008,22.200001,22.290001,20.68,20.84,13499600
10/3/2008,21.370001,21.57,19.98,20,16805800
10/6/2008,19.6,19.65,18.110001,19.48,17176600
10/7/2008,19.68,20.690001,18.280001,18.280001,15003000
10/8/2008,18.18,18.860001,17.690001,17.84,19105300
10/9/2008,18.26,18.440001,16.559999,16.690001,17417800
10/10/2008,16.120001,17.530001,15.15,16.43,21647700
10/13/2008,17.4,19.049999,17.049999,18.889999,15451300
10/14/2008,19.639999,19.950001,17.459999,17.91,14034900
10/15/2008,17.16,18.120001,15.94,16,13407100
10/16/2008,15.92,17.24,15.52,17.24,19376400
10/17/2008,17.139999,17.74,16.450001,17.17,13438300
10/20/2008,17.33,17.690001,16.719999,17.219999,8999500
10/21/2008,16.709999,17.4,16.030001,16.049999,12880800
10/22/2008,15.98,16.09,14.73,15.25,10472400
10/23/2008,15.24,15.46,14.44,15.41,19371600
10/24/2008,14.16,15.23,14.16,14.44,11719400
10/27/2008,14.12,14.73,13.62,13.67,10598500
10/28/2008,14.12,15.63,13.57,15.56,12664000
10/29/2008,15.47,16.959999,14.95,15.94,16093300
10/30/2008,17.5,19.5,17.5,18.42,16608600
10/31/2008,18.040001,20.32,18.030001,19.43,14379200
11/3/2008,19.5,19.76,18.540001,18.74,7941600
11/4/2008,19.52,20,19,19.49,8800700
11/5/2008,19.450001,19.790001,18.690001,18.709999,9345700
11/6/2008,18.49,19.059999,17.690001,17.780001,8910200
11/7/2008,18.01,18.530001,17.9,18.35,6124200
11/10/2008,18.709999,19.09,18.049999,18.290001,7294900
11/11/2008,18.08,18.129999,17.02,17.33,8200300
11/12/2008,17.290001,17.290001,16.129999,16.18,6407200
11/13/2008,16.08,18.139999,15.49,17.950001,10837200
11/14/2008,17.08,18.379999,17.049999,17.09,7711000
11/17/2008,16.690001,17.280001,16.370001,16.48,6441600
11/18/2008,16.23,17.450001,16.02,16.940001,7274400
11/19/2008,16.93,17.049999,15.18,15.26,9022100
11/20/2008,14.91,15.45,14.14,14.16,12790700
11/21/2008,14.37,15.7,14.09,15.64,13889600
11/24/2008,15.78,17.4,15.14,17.26,10971300
11/25/2008,17.26,17.32,15.73,17.129999,14136400
11/26/2008,16.83,17.58,16.219999,17.360001,8960900
11/28/2008,17,17.42,16.620001,17.360001,3064600
12/1/2008,16.35,17.07,15.11,15.12,9847900
12/2/2008,16,16.77,15.66,16.32,14961100
12/3/2008,15.6,17.6,15.55,17.549999,10597000
12/4/2008,17.16,18.66,16.85,18.049999,10496600
12/5/2008,17.15,18.52,16.799999,18.459999,11703200
12/8/2008,18.49,18.84,17.6,17.940001,10837900
12/9/2008,17.879999,18.059999,16.700001,16.950001,11515700
12/10/2008,17,18.17,17,18.059999,9819400
12/11/2008,18.030001,18.049999,16.9,17.07,10727900
12/12/2008,16.65,17.299999,16.139999,16.92,12464600
12/15/2008,17.1,17.309999,16.68,16.940001,9591800
12/16/2008,16.719999,18.5,16.719999,18.35,11482500
12/17/2008,18.030001,19.040001,17.92,18.610001,8720800
12/18/2008,18.950001,18.959999,17.959999,18.27,7638400
12/19/2008,18.35,18.93,17.959999,18.299999,9416900
12/22/2008,18.299999,18.35,17.42,17.76,6108700
12/23/2008,17.950001,18.01,17.379999,17.48,4440000
12/24/2008,17.5,17.76,17.35,17.66,1790100
12/26/2008,17.559999,17.799999,17.5,17.57,2478900
12/29/2008,17.51,17.629999,17.09,17.299999,4934100
12/30/2008,17.23,17.799999,17.23,17.709999,5476100
12/31/2008,17.76,18.32,17.58,17.92,7768700
1/2/2009,18.24,18.9,17.67,18.790001,6945700
1/5/2009,18.549999,18.75,18.450001,18.530001,7818500
1/6/2009,18.6,18.93,18.41,18.68,10035500
1/7/2009,18.209999,18.49,17.84,18.049999,8928500
1/8/2009,18.1,18.51,17.540001,18.48,9279900
1/9/2009,18.450001,18.57,18.120001,18.299999,11018800
1/12/2009,18.370001,18.700001,18.15,18.51,12265900
1/13/2009,18.389999,18.74,17.85,18.040001,18573800
1/14/2009,17.780001,17.799999,17.02,17.129999,13140600
1/15/2009,17.18,17.700001,16.65,17.440001,11017800
1/16/2009,17.5,17.559999,16.950001,17.450001,10386500
1/20/2009,17.65,17.65,16.360001,16.43,9223900
1/21/2009,16.700001,16.85,15.96,16.48,9825500
1/22/2009,16.33,16.969999,16.040001,16.690001,9508100
1/23/2009,16.42,17.02,15.93,16.58,14620600
1/26/2009,16.41,17.42,16.4,17.280001,13400900
1/27/2009,17.209999,17.620001,17,17.190001,10599500
1/28/2009,17.35,18,17.35,17.879999,13566700
1/29/2009,17.799999,17.9,16.43,16.540001,13792300
1/30/2009,16.690001,16.73,15.8,15.94,11636900
2/2/2009,15.8,15.8,15.33,15.69,13848000
2/3/2009,15.31,16.25,15.27,16.23,8609200
2/4/2009,16.200001,16.379999,15.64,15.86,9186200
2/5/2009,15.75,16.389999,15.66,16.379999,11649300
2/6/2009,16.370001,16.91,16.120001,16.77,14098000
2/9/2009,16.98,16.98,15.98,16.639999,12335600
2/10/2009,16.370001,16.639999,15.26,15.55,21832700
2/11/2009,15.62,16.18,15.6,15.94,10622300
2/12/2009,15.66,16,15.28,15.94,10743900
2/13/2009,15.85,16.219999,15.67,15.74,7031100
2/17/2009,15.03,15.38,14.86,15.1,11187500
2/18/2009,15.25,15.69,15.04,15.46,10260400
2/19/2009,15.62,15.66,14.96,15.35,10677700
2/20/2009,15.39,15.98,15.18,15.75,15655400
2/23/2009,15.63,15.96,15.27,15.33,11557800
2/24/2009,15.59,16.030001,15.4,15.94,14089600
2/25/2009,15.85,16,15.46,15.68,15671400
2/26/2009,15.9,16.01,15.52,15.61,8775300
2/27/2009,15.1,16.27,15.1,15.95,14565600
3/2/2009,15.51,15.91,15.22,15.29,8635100
3/3/2009,15.39,15.64,14.9,15.1,14076600
3/4/2009,15.41,15.67,14.82,15.51,9342000
3/5/2009,15.1,15.42,14.6,14.72,10543800
3/6/2009,14.76,15.09,14.35,14.81,10660400
3/9/2009,14.67,14.98,14.38,14.63,12906700
3/10/2009,15.12,15.78,14.47,15.74,15889300
3/11/2009,15.13,16.07,15.09,15.47,27636700
3/12/2009,15.45,16.379999,15,16.32,13416100
3/13/2009,16.209999,16.6,15.8,16.200001,10077100
3/16/2009,16.450001,16.459999,15.76,15.81,7957100
3/17/2009,15.52,16.459999,15.52,16.450001,9542000
3/18/2009,16.33,17.15,16.129999,16.959999,13988100
3/19/2009,16.280001,17.4,16.280001,17.17,11047000
3/20/2009,17.299999,17.459999,16.83,17.01,11937200
3/23/2009,17.34,18.049999,17.190001,18.040001,11685200
3/24/2009,17.18,18.17,17.18,17.73,9576100
3/25/2009,18.66,19.040001,17.66,18.25,17529800
3/26/2009,18.74,19.610001,18.49,18.98,18435300
3/27/2009,19.08,19.139999,18.4,18.57,10263900
3/30/2009,18.219999,18.26,17.709999,18.18,10280500
3/31/2009,18.190001,18.5,17.690001,18.110001,11095000
4/1/2009,17.809999,18.5,17.719999,18.41,8813300
4/2/2009,18.790001,20.16,18.52,19.66,13488200
4/3/2009,19.719999,19.82,19.219999,19.42,7362400
4/6/2009,19.059999,19.99,18.950001,19.309999,5529900
4/7/2009,18.959999,19.280001,18.4,18.41,6858200
4/8/2009,18.9,19.360001,18.700001,19.17,8385800
4/9/2009,19.639999,21.25,19.559999,21.030001,20171100
4/13/2009,20.92,20.92,20.23,20.6,7226600
4/14/2009,20.290001,20.559999,19.709999,20.110001,7667500
4/15/2009,20,20.42,19.700001,20.379999,7519500
4/16/2009,20.76,21.200001,20.49,21.01,7772000
4/17/2009,20.5,21.18,20.450001,20.809999,8145100
4/20/2009,20.35,20.59,20.02,20.190001,7458600
4/21/2009,20.67,21.030001,20.1,20.950001,7645800
4/22/2009,20.51,21.690001,20.51,20.959999,10252900
4/23/2009,20.65,21.280001,20.65,21.200001,9256600
4/24/2009,20.610001,22.200001,20.610001,21.91,9959200
4/27/2009,21.559999,21.93,21.27,21.459999,8060700
4/28/2009,21.49,21.860001,21.120001,21.26,6789700
4/29/2009,21.6,21.75,20.370001,20.6,14229700
4/30/2009,20.719999,21.07,20.32,20.620001,10040500
5/1/2009,20.690001,20.690001,19.93,20.120001,9190700
5/4/2009,20.34,20.91,20.120001,20.85,8137900
5/5/2009,20.809999,20.959999,20.190001,20.6,6420200
5/6/2009,20.969999,20.98,19.959999,20.15,8129100
5/7/2009,20.25,20.52,19.67,20.01,12116000
5/8/2009,20.360001,20.48,19.700001,19.9,8174200
5/11/2009,19.549999,20.280001,19.120001,19.809999,9481000
5/12/2009,19.98,20.24,19.389999,20.059999,8693800
5/13/2009,19.559999,19.75,19,19.219999,7265300
5/14/2009,19.040001,19.889999,18.98,19.58,6600500
5/15/2009,19.469999,19.809999,19.16,19.190001,5364900
5/18/2009,19.299999,20.25,19.299999,20.190001,6375500
5/19/2009,20.370001,20.48,19.84,20.290001,4728800
5/20/2009,20.049999,20.67,19.549999,19.65,6056400
5/21/2009,19.24,19.43,18.85,19.09,6683800
5/22/2009,19.110001,19.65,18.93,19.370001,5321500
5/26/2009,19.02,20.75,19,20.389999,9345900
5/27/2009,19.719999,20.629999,19.559999,19.93,13581100
5/28/2009,20.27,20.370001,19.549999,20.02,9374600
5/29/2009,19.82,20.469999,19.690001,20.459999,11870100
6/1/2009,20.58,21.76,20.51,21.65,9101200
6/2/2009,21.440001,21.950001,21.360001,21.77,6534400
6/3/2009,21.309999,21.610001,20.879999,21.16,8784000
6/4/2009,21.24,21.379999,20.24,20.5,9887100
6/5/2009,20.610001,20.879999,20.110001,20.23,9159900
6/8/2009,20.07,20.610001,19.870001,20.42,6367000
6/9/2009,20.450001,21.02,20.23,20.959999,8338100
6/10/2009,20.790001,21.32,20.48,20.68,9736600
6/11/2009,21,21,20.299999,20.540001,8774800
6/12/2009,20.459999,21.16,20.26,21.129999,11851100
6/15/2009,20.809999,20.9,20.620001,20.82,9488600
6/16/2009,20.66,20.969999,20.25,20.309999,8785000
6/17/2009,20.440001,20.65,19.940001,20.32,9706100
6/18/2009,20.24,20.48,20.049999,20.299999,5614500
6/19/2009,20.5,20.700001,20.24,20.33,11027800
6/22/2009,20.26,20.360001,19.93,19.969999,8624300
6/23/2009,19.879999,20.110001,19.59,19.700001,11120700
6/24/2009,20.15,20.299999,19.66,20.030001,8440400
6/25/2009,20.040001,20.67,19.889999,20.6,6675600
6/26/2009,20.360001,20.77,20.24,20.6,8189600
6/29/2009,20.52,20.790001,20.26,20.52,6013900
6/30/2009,20.52,20.6,20.01,20.18,8007100
7/1/2009,20.450001,20.450001,20.049999,20.120001,7351400
7/2/2009,19.809999,19.84,19.030001,19.18,8208200
7/6/2009,18.91,19.379999,18.83,19.219999,7361300
7/7/2009,19,19.209999,18.84,18.860001,7693100
7/8/2009,18.889999,19.5,18.719999,19.379999,9758700
7/9/2009,19.379999,19.620001,19.120001,19.309999,9052700
7/10/2009,19.23,19.65,19.110001,19.389999,6497000
7/13/2009,19.389999,20.030001,19.200001,20.030001,8861900
7/14/2009,19.879999,20.07,19.67,20.030001,6779900
7/15/2009,20.15,20.190001,19.83,20.129999,10818300
7/16/2009,20.09,20.620001,19.809999,20.52,5946700
7/17/2009,20.57,20.57,20.27,20.469999,5150700
7/20/2009,20.49,21.08,20.34,21.049999,7661400
7/21/2009,21.1,21.1,20.51,21.01,7230600
7/22/2009,21.09,21.4,20.82,21.200001,6873000
7/23/2009,20.52,21.74,20.52,21.59,11961100
7/24/2009,21.549999,21.6,21.129999,21.540001,6476800
7/27/2009,21.42,21.540001,21.07,21.41,5579600
7/28/2009,20.91,21.190001,20.700001,20.98,10620000
7/29/2009,20.99,21.120001,20.709999,21.01,7868600
7/30/2009,21.08,21.41,20.91,20.950001,15476100
7/31/2009,20.92,21.200001,20.700001,21.02,9969800
8/3/2009,21.120001,21.530001,20.879999,21.52,6211900
8/4/2009,21.34,21.52,21.17,21.290001,6726300
8/5/2009,21.16,21.43,20.91,21.110001,6306000
8/6/2009,22.01,22.459999,21.83,22.27,10907300
8/7/2009,22.549999,23.059999,22.09,22.950001,11166300
8/10/2009,22.68,22.719999,22.190001,22.299999,6847300
8/11/2009,22.17,22.370001,21.809999,22.16,9093700
8/12/2009,22.32,22.709999,21.940001,22.49,7883900
8/13/2009,22.49,22.58,22.02,22.24,7432000
8/14/2009,22.16,22.24,21.639999,21.83,5800600
8/17/2009,21.549999,21.639999,20.93,21.17,9714500
8/18/2009,21.18,21.6,21.129999,21.530001,5002300
8/19/2009,21.18,21.639999,20.93,21.559999,7336000
8/20/2009,21.51,21.790001,21.16,21.690001,4904500
8/21/2009,21.530001,22.549999,21.52,22.49,10023700
8/24/2009,22.52,22.889999,22.16,22.190001,13134100
8/25/2009,21.76,22.6,21.6,21.790001,18304200
8/26/2009,21.74,22.110001,21.49,21.969999,13409600
8/27/2009,22,22.049999,21.540001,21.950001,6299600
8/28/2009,22.02,22.08,21.610001,21.98,6627300
8/31/2009,21.870001,21.9,21.450001,21.610001,5634200
9/1/2009,22.040001,22.049999,21.35,21.370001,11465900
9/2/2009,21.309999,21.370001,21.02,21.09,7224000
9/3/2009,21.129999,21.549999,21.02,21.35,5277300
9/4/2009,21.24,21.530001,21.09,21.41,4861000
9/8/2009,21.73,21.93,21.52,21.93,6912600
9/9/2009,21.98,22.620001,21.879999,22.469999,10214700
9/10/2009,22.450001,22.790001,22.450001,22.6,7594500
9/11/2009,22.48,22.6,22.23,22.299999,7332700
9/14/2009,22.110001,23.110001,22.110001,22.969999,9645400
9/15/2009,22.98,22.98,22.440001,22.889999,8347200
9/16/2009,22.83,23,22.65,22.959999,5597300
9/17/2009,22.75,23.030001,22.59,22.809999,5687400
9/18/2009,22.98,23.41,22.76,23.290001,11044700
9/21/2009,23.24,23.5,22.950001,23.23,7134200
9/22/2009,23.35,23.48,23.049999,23.200001,6953700
9/23/2009,23.309999,23.32,22.77,22.790001,7353800
9/24/2009,22.85,22.9,22.459999,22.709999,4982900
9/25/2009,22.969999,23.07,22.620001,22.790001,4855000
9/28/2009,22.82,23.370001,22.809999,23.24,5102400
9/29/2009,23.1,23.52,23.01,23.26,5263800
9/30/2009,23.26,23.450001,22.83,23.219999,8438900
10/1/2009,23.01,23.209999,22.540001,22.66,9187800
10/2/2009,22.51,22.82,22.41,22.540001,5839300
10/5/2009,22.370001,22.82,22.33,22.799999,6163600
10/6/2009,22.82,23.209999,22.73,23.07,8016800
10/7/2009,22.83,23.110001,22.719999,23.110001,5396200
10/8/2009,22.98,23.389999,22.98,23.18,4938100
10/9/2009,23.08,23.209999,22.950001,23.139999,4773100
10/12/2009,23.129999,23.42,23.049999,23.200001,3534900
10/13/2009,23.120001,23.299999,22.969999,23.129999,4707200
10/14/2009,23.17,23.370001,23.049999,23.309999,6277800
10/15/2009,23.16,23.379999,23,23.379999,6050200
10/16/2009,23.360001,23.4,22.84,23.209999,5914300
10/19/2009,23.27,23.549999,23.139999,23.459999,3828300
10/20/2009,23.1,23.450001,22.85,22.98,5478000
10/21/2009,22.719999,23.48,22.719999,22.77,6498600
10/22/2009,22.620001,23.129999,22.51,23.02,6208800
10/23/2009,22.92,23.030001,22.41,22.6,5836000
10/26/2009,22.700001,23.200001,22.549999,22.67,6391900
10/27/2009,23.030001,23.030001,22.299999,22.43,6749200
10/28/2009,22.41,22.559999,21.870001,21.889999,7269000
10/29/2009,22.1,22.34,21.620001,22.27,8629000
10/30/2009,22.450001,22.450001,21.67,21.700001,7859100
11/2/2009,21.709999,22.25,21.530001,21.85,8677500
11/3/2009,21.799999,22.030001,21.610001,21.889999,7189300
11/4/2009,21.43,22.040001,21.43,21.639999,5778500
11/5/2009,21.709999,22.33,21.59,22.18,4929600
11/6/2009,22.1,22.33,21.870001,22.23,4304900
11/9/2009,22.280001,22.68,22.049999,22.5,8342800
11/10/2009,22.389999,22.629999,22.200001,22.309999,6221100
11/11/2009,22.530001,22.610001,22.139999,22.26,6531700
11/12/2009,22.309999,22.51,21.59,22.16,6713200
11/13/2009,22.209999,22.59,22.08,22.41,4598500
11/16/2009,22.49,23.040001,22.450001,23,7127600
11/17/2009,22.85,23.049999,22.700001,22.790001,6033800
11/18/2009,22.66,22.969999,22.66,22.959999,3391200
11/19/2009,22.84,22.879999,22.450001,22.65,4387900
11/20/2009,22.780001,22.879999,22.49,22.719999,4101900
11/23/2009,22.879999,23.32,22.82,23.200001,5080600
11/24/2009,23.120001,23.27,22.879999,23.219999,5994800
11/25/2009,23.35,23.65,23.33,23.5,6171700
11/27/2009,22.68,23.540001,22.559999,23.32,4446400
11/30/2009,23.459999,23.74,23.1,23.32,9673200
12/1/2009,24.030001,24.860001,23.32,24.440001,15922600
12/2/2009,24.469999,24.49,23.82,23.950001,10013100
12/3/2009,23.940001,24.15,23.610001,23.639999,9307700
12/4/2009,23.99,24.5,23.940001,24.360001,11678100
12/7/2009,24.200001,24.66,24.200001,24.35,7717300
12/8/2009,24.17,24.33,23.68,24.24,8625000
12/9/2009,24.09,24.120001,23.77,23.9,7169000
12/10/2009,24.049999,24.379999,24.02,24.18,4579200
12/11/2009,24.23,24.49,24.059999,24.459999,5552400
12/14/2009,24.719999,24.719999,24.24,24.450001,4661500
12/15/2009,24.219999,24.379999,24.049999,24.18,5286900
12/16/2009,24.620001,24.620001,24.17,24.370001,6239800
12/17/2009,24.290001,24.6,24.02,24.559999,9660400
12/18/2009,24.549999,24.68,24.209999,24.59,11188200
12/21/2009,24.52,24.59,24.32,24.360001,7908900
12/22/2009,24.52,24.950001,24.360001,24.799999,8834900
12/23/2009,24.75,25.1,24.75,24.99,7612100
12/24/2009,24.93,25.030001,24.870001,24.940001,1690200
12/28/2009,24.889999,25.07,24.83,25.01,4381300
12/29/2009,25.08,25.1,24.92,25,5268500
12/30/2009,25.030001,25.09,24.9,24.98,3805300
12/31/2009,24.959999,25.02,24.57,24.59,2614000
1/4/2010,24.620001,24.85,24.459999,24.5,4008800
1/5/2010,24.190001,24.57,24.16,24.52,5913500
1/6/2010,24.41,24.73,24.4,24.58,6908700
1/7/2010,24.190001,24.93,24.190001,24.9,8528300
1/8/2010,24.99,25.48,24.799999,25.469999,10281500
1/11/2010,25.35,25.459999,25.24,25.450001,5503400
1/12/2010,25.26,25.42,24.879999,25.01,5108500
1/13/2010,25.209999,25.459999,25.040001,25.33,5052000
1/14/2010,25.17,25.27,24.91,25,3657100
1/15/2010,25.59,26,25.08,25.110001,9038800
1/19/2010,25.059999,25.440001,25.02,25.379999,7497700
1/20/2010,25.17,25.26,24.6,24.809999,6377700
1/21/2010,24.719999,25.01,24.530001,24.610001,8937200
1/22/2010,24.629999,24.780001,24.08,24.110001,7594600
1/25/2010,24.27,24.27,23.889999,24.02,6108100
1/26/2010,23.879999,24.120001,23.73,23.870001,8296200
1/27/2010,23.700001,23.83,23.34,23.700001,12267100
1/28/2010,23.82,23.92,23.65,23.709999,9678700
1/29/2010,24.16,24.16,23.450001,23.459999,11270500
2/1/2010,23.440001,23.629999,23.290001,23.5,6881500
2/2/2010,23.540001,24.07,23.4,24,7205400
2/3/2010,23.860001,23.99,23.719999,23.84,4730700
2/4/2010,23.67,23.74,23.290001,23.32,8185500
2/5/2010,23.370001,23.58,23.190001,23.469999,9698600
2/8/2010,23.290001,23.540001,23.17,23.190001,4055900
2/9/2010,23.459999,24.030001,23.200001,23.879999,9432000
2/10/2010,23.809999,23.959999,23.559999,23.74,5799800
2/11/2010,23.610001,24.16,23.48,24.120001,5043000
2/12/2010,23.82,24.24,23.780001,24.18,6851200
2/16/2010,24.379999,24.82,24.290001,24.780001,5956300
2/17/2010,24.9,25.15,24.83,25.049999,4756300
2/18/2010,25.030001,25.35,24.85,25.27,6331200
2/19/2010,25.35,25.83,25.120001,25.68,8454400
2/22/2010,25.66,25.75,25.43,25.540001,4939800
2/23/2010,25.450001,25.75,25.389999,25.41,5989400
2/24/2010,25.6,25.76,25.5,25.690001,5209600
2/25/2010,25.49,25.969999,25.26,25.93,6624500
2/26/2010,25.790001,25.92,25.629999,25.76,6995000
3/1/2010,25.77,26,25.549999,25.860001,10138700
3/2/2010,23.99,24.26,23.209999,23.25,49567700
3/3/2010,23,23.1,22,22.559999,40574200
3/4/2010,22.610001,23.07,22.6,22.950001,16094900
3/5/2010,23.09,23.49,22.99,23.290001,14751100
3/8/2010,23.209999,23.33,22.74,22.75,15463700
3/9/2010,22.74,23.040001,22.620001,22.91,18636600
3/10/2010,23.02,23.08,22.719999,22.959999,14815400
3/11/2010,22.9,23.209999,22.76,23.139999,13977800
3/12/2010,23.190001,23.52,23.040001,23.42,9976500
3/15/2010,23.41,23.469999,23.110001,23.41,6952200
3/16/2010,23.43,23.66,23.219999,23.629999,8399000
3/17/2010,23.610001,23.75,23.469999,23.719999,7959500
3/18/2010,23.75,23.9,23.58,23.75,7607200
3/19/2010,23.9,24.059999,23.610001,23.75,10872500
3/22/2010,23.65,24.219999,23.620001,24.120001,7192500
3/23/2010,24.299999,24.299999,23.870001,24.059999,6902700
3/24/2010,23.950001,24,23.52,23.559999,8985700
3/25/2010,23.719999,23.85,23.5,23.540001,7094000
3/26/2010,23.549999,23.799999,23.549999,23.77,5938700
3/29/2010,23.85,23.959999,23.629999,23.75,5906400
3/30/2010,23.92,23.92,23.49,23.6,5187800
3/31/2010,23.540001,23.629999,23.389999,23.41,6701800
4/1/2010,23.52,23.75,23.48,23.700001,7265100
4/5/2010,23.58,24.07,23.58,24.049999,7629800
4/6/2010,24.040001,24.139999,23.870001,24.01,8815900
4/7/2010,24,24.459999,23.91,24.4,10306800
4/8/2010,24.32,24.42,24.09,24.190001,6936100
4/9/2010,24.18,24.33,24.1,24.299999,4784100
4/12/2010,24.4,24.41,24.18,24.200001,3946600
4/13/2010,24.16,24.24,23.66,23.83,14298000
4/14/2010,23.790001,24.459999,23.709999,24.379999,12746000
4/15/2010,24.299999,24.52,24.129999,24.48,9536100
4/16/2010,24.459999,24.65,24.09,24.26,11331200
4/19/2010,24.120001,24.43,23.870001,24.18,8186000
4/20/2010,24.219999,24.450001,24,24.01,7145400
4/21/2010,23.92,24.360001,23.85,24.309999,6564900
4/22/2010,24.15,24.51,23.959999,24.43,6774400
4/23/2010,24.299999,24.68,24.209999,24.610001,6800100
4/26/2010,24.57,25,24.49,24.860001,7676800
4/27/2010,24.610001,24.68,23.700001,23.73,11418200
4/28/2010,23.85,24.120001,23.49,23.559999,8431100
4/29/2010,23.719999,24.02,23.67,23.969999,8458400
4/30/2010,24.059999,24.059999,23.360001,23.540001,9102000
5/3/2010,23.59,23.969999,23.52,23.73,6023300
5/4/2010,23.52,23.530001,22.85,23.26,11574000
5/5/2010,23.309999,23.49,23.030001,23.190001,8414100
5/6/2010,23.02,23.059999,20.65,21.879999,28161800
5/7/2010,21.709999,22.48,20.870001,21.66,26872800
5/10/2010,22.389999,22.85,22,22.540001,14009400
5/11/2010,22.08,22.74,22.08,22.379999,9767200
5/12/2010,22.5,23.139999,22.360001,23.07,9045500
5/13/2010,22.85,22.9,22.200001,22.25,10696700
5/14/2010,22.25,22.34,21.870001,22.120001,10595000
5/17/2010,22.219999,22.4,21.709999,22.200001,9273800
5/18/2010,22.549999,22.549999,21.73,21.950001,10985400
5/19/2010,21.860001,22,21.299999,21.540001,21965300
5/20/2010,21,22.040001,20.950001,21.379999,19743000
5/21/2010,20.870001,21.950001,20.85,21.52,14315900
5/24/2010,21.469999,21.57,21.120001,21.280001,8076200
5/25/2010,20.879999,21.459999,20.559999,21.43,10630000
5/26/2010,21.49,21.65,21.02,21.08,9318600
5/27/2010,21.709999,21.809999,21.34,21.799999,6487800
5/28/2010,21.809999,21.809999,21.25,21.52,7700000
6/1/2010,21.43,21.719999,21.120001,21.370001,9381200
6/2/2010,21.540001,21.799999,21.23,21.700001,13773700
6/3/2010,21.799999,22.059999,21.690001,22.01,9810100
6/4/2010,21.67,21.709999,21.049999,21.139999,11431800
6/7/2010,21.200001,21.42,20.66,20.66,8345700
6/8/2010,20.77,21.23,20.440001,21.190001,11030000
6/9/2010,21.08,21.379999,20.93,21.059999,9792900
6/10/2010,21.309999,21.9,21.299999,21.889999,10225400
6/11/2010,21.610001,21.9,21.440001,21.73,4696700
6/14/2010,21.82,22.200001,21.709999,21.719999,5848500
6/15/2010,22,22.18,21.780001,22.129999,10033100
6/16/2010,22,22.540001,21.98,22.5,10935700
6/17/2010,22.6,22.67,21.719999,21.93,9701200
6/18/2010,22.030001,22.15,21.870001,21.98,7641700
6/21/2010,22.1,22.290001,21.49,21.610001,6059500
6/22/2010,21.549999,21.93,20.879999,20.9,13888000
6/23/2010,20.860001,21,20.389999,20.530001,15645100
6/24/2010,20.4,20.469999,19.969999,20.110001,10803500
6/25/2010,20.07,20.280001,19.83,20.09,10619000
6/28/2010,20.200001,20.24,19.83,19.860001,8454200
6/29/2010,19.66,19.68,19.129999,19.290001,11415400
6/30/2010,19.219999,19.5,18.99,19.049999,8758300
7/1/2010,18.969999,19.42,18.82,19.27,9279000
7/2/2010,19.360001,19.469999,19.1,19.190001,6790700
7/6/2010,19.27,19.59,18.879999,19.120001,8535600
7/7/2010,19.01,19.459999,18.92,19.43,13744100
7/8/2010,19.469999,19.5,19.190001,19.4,7979400
7/9/2010,19.459999,19.68,19.24,19.67,4803000
7/12/2010,19.629999,19.82,19.530001,19.629999,6476900
7/13/2010,19.84,20.32,19.780001,20.24,6891500
7/14/2010,20.26,20.309999,19.889999,20.01,6660900
7/15/2010,20.02,20.370001,19.9,20.299999,7402400
7/16/2010,20.299999,20.42,19.290001,19.309999,9686800
7/19/2010,19.32,19.709999,19.299999,19.59,7140800
7/20/2010,19.389999,19.809999,19.24,19.780001,4584600
7/21/2010,19.809999,19.940001,19.360001,19.389999,6849700
7/22/2010,19.620001,20.16,19.620001,20.08,7031900
7/23/2010,19.98,20.059999,19.77,20,7067400
7/26/2010,19.950001,20.309999,19.85,20.309999,5432500
7/27/2010,20.51,20.66,20.08,20.17,5357800
7/28/2010,20.059999,20.209999,19.879999,19.98,5757500
7/29/2010,20.030001,20.280001,19.52,19.85,6358400
7/30/2010,19.59,20.43,19.530001,20.33,9644400
8/2/2010,20.66,20.969999,20.469999,20.870001,14161300
8/3/2010,20.690001,20.83,19.84,19.940001,9768600
8/4/2010,19.92,20.35,19.9,20.139999,5144800
8/5/2010,20.01,20.219999,19.75,20.200001,3974900
8/6/2010,20.01,20.190001,19.799999,20.17,5364700
8/9/2010,20.23,20.41,19.940001,20.049999,6846400
8/10/2010,19.9,20.209999,19.73,20.040001,7373600
8/11/2010,19.639999,19.73,19.360001,19.4,5977400
8/12/2010,19.1,19.52,19.08,19.32,6663500
8/13/2010,19.24,19.33,19.059999,19.110001,4082400
8/16/2010,19,19.35,18.879999,19.1,5504700
8/17/2010,19.32,19.77,19.200001,19.450001,4601900
8/18/2010,19.32,19.809999,19.219999,19.65,6121800
8/19/2010,19.23,19.52,18.870001,18.940001,15547900
8/20/2010,18.82,19.040001,18.620001,18.93,7255900
8/23/2010,18.950001,19.07,18.530001,18.540001,6105700
8/24/2010,18.370001,18.42,17.959999,18.15,8475400
8/25/2010,18,18.299999,17.950001,18.209999,8540900
8/26/2010,18.24,18.370001,17.9,17.9,8000600
8/27/2010,18.01,18.219999,17.65,18.040001,7444000
8/30/2010,18,18.02,17.639999,17.639999,8005100
8/31/2010,17.540001,17.889999,17.450001,17.77,14351900
9/1/2010,17.99,18.49,17.809999,18.41,15588300
9/2/2010,18.370001,18.799999,18.24,18.74,6857100
9/3/2010,18.9,19.440001,18.9,19.139999,10185300
9/7/2010,18.99,19.120001,18.629999,18.67,6737000
9/8/2010,19.18,19.34,18.98,19.040001,7104300
9/9/2010,19.299999,19.309999,18.959999,19.07,4988600
9/10/2010,19.059999,19.49,19.02,19.440001,10040500
9/13/2010,19.559999,19.76,19.469999,19.549999,6857500
9/14/2010,19.51,19.879999,19.51,19.66,6388500
9/15/2010,19.52,19.74,19.290001,19.709999,5868700
9/16/2010,19.629999,19.75,19.379999,19.389999,7333300
9/17/2010,19.370001,19.559999,19.299999,19.49,8638600
9/20/2010,19.620001,19.860001,19.52,19.68,6783500
9/21/2010,19.67,20,19.5,19.809999,6856800
9/22/2010,19.73,19.940001,19.690001,19.809999,6538600
9/23/2010,19.620001,20.27,19.6,20.02,7984800
9/24/2010,20.24,20.620001,20.139999,20.59,8047700
9/27/2010,20.49,20.74,20.41,20.559999,7746600
9/28/2010,20.66,20.91,20.34,20.82,8071500
9/29/2010,20.719999,20.82,20.6,20.65,6076500
9/30/2010,20.809999,21.01,20.549999,20.92,10782900
10/1/2010,21.120001,21.25,20.700001,20.719999,8604000
10/4/2010,20.719999,20.860001,20.4,20.690001,11417100
10/5/2010,20.99,21.17,20.9,21.02,9871800
10/6/2010,20.969999,21.049999,20.74,20.93,9389200
10/7/2010,20.99,21.040001,20.4,20.6,11421200
10/8/2010,20.540001,20.690001,20.23,20.58,10644800
10/11/2010,20.559999,20.9,20.450001,20.790001,6896400
10/12/2010,20.809999,20.84,20.57,20.700001,5936800
10/13/2010,20.809999,20.950001,20.620001,20.780001,5680800
10/14/2010,20.76,20.98,20.629999,20.74,6042500
10/15/2010,20.809999,20.83,20.41,20.809999,10079600
10/18/2010,20.879999,20.889999,20.559999,20.610001,4567300
10/19/2010,20.4,20.469999,19.870001,20,12033100
10/20/2010,20.08,20.35,20,20.27,6306800
10/21/2010,20.370001,20.85,20.309999,20.540001,7032100
10/22/2010,20.540001,20.639999,20.379999,20.6,3575200
10/25/2010,20.77,21.17,20.690001,21,11343300
10/26/2010,20.68,20.82,20.299999,20.559999,12689600
10/27/2010,20.24,20.450001,20.1,20.4,8244600
10/28/2010,20.379999,20.68,20.27,20.620001,7074800
10/29/2010,20.559999,20.67,20.41,20.52,10063100
11/1/2010,20.18,20.440001,20.1,20.219999,7650100
11/2/2010,20.370001,20.450001,20.24,20.299999,4641900
11/3/2010,20.299999,20.43,20.09,20.4,7473400
11/4/2010,20.65,20.9,20.629999,20.74,9683100
11/5/2010,20.809999,20.969999,20.66,20.790001,4292100
11/8/2010,20.67,20.75,20.26,20.459999,9474200
11/9/2010,20.5,20.57,20.35,20.450001,5558900
11/10/2010,20.51,20.77,20.35,20.610001,6440200
11/11/2010,20.51,20.73,20.309999,20.610001,5861300
11/12/2010,20.540001,20.58,20.190001,20.280001,7937800
11/15/2010,20.32,20.42,20.17,20.17,5998800
11/16/2010,19.969999,20.469999,19.959999,20.07,7562300
11/17/2010,20.01,20.18,19.99,20.09,13417500
11/18/2010,20.190001,20.879999,20.129999,20.469999,9775800
11/19/2010,20.549999,21.51,20.5,21.43,12578400
11/22/2010,21.26,21.85,21.25,21.49,10608500
11/23/2010,21.309999,21.719999,21.24,21.559999,8345300
11/24/2010,21.700001,22.440001,21.700001,22.299999,11272300
11/26/2010,22.17,22.280001,22,22,2248500
11/29/2010,21.85,22,21.629999,21.93,6874900
11/30/2010,21.66,22.139999,21.65,22.01,11256700
12/1/2010,22.360001,22.49,22.120001,22.290001,7142600
12/2/2010,22.360001,23.01,22.200001,22.879999,7117200
12/3/2010,22.709999,22.860001,22.43,22.65,6057800
12/6/2010,22.549999,22.6,22.379999,22.389999,5441800
12/7/2010,22.549999,22.84,22.530001,22.559999,8945300
12/8/2010,22.629999,22.780001,22.24,22.32,6543900
12/9/2010,22.379999,22.51,22.059999,22.209999,6383000
12/10/2010,22.27,22.379999,22.09,22.15,5485000
12/13/2010,22.27,22.370001,22.09,22.219999,7284400
12/14/2010,22.24,22.32,21.9,21.99,5974100
12/15/2010,21.99,22.6,21.870001,22.469999,7020500
12/16/2010,22.459999,22.959999,22.450001,22.73,8667400
12/17/2010,22.700001,22.790001,22.530001,22.530001,9520800
12/20/2010,22.58,22.610001,22.370001,22.48,4922500
12/21/2010,22.469999,22.59,22.17,22.280001,6776800
12/22/2010,22.34,22.6,22.24,22.57,5694800
12/23/2010,22.610001,23,22.42,22.799999,5426400
12/27/2010,22.719999,22.93,22.52,22.879999,3421100
12/28/2010,22.9,23.059999,22.73,22.77,3615600
12/29/2010,22.77,23.07,22.709999,22.92,2902300
12/30/2010,23.030001,23.09,22.84,22.879999,2411000
12/31/2010,22.83,22.9,22.67,22.77,2483400
1/3/2011,23.469999,23.73,23.290001,23.35,9553500
1/4/2011,23.24,23.360001,22.950001,22.950001,11059900
1/5/2011,22.83,23.75,22.83,23.68,12472000
1/6/2011,23.610001,23.67,23.200001,23.41,9454900
1/7/2011,23.43,23.440001,22.85,23.440001,6983800
